{
  "project_info": {
    "project_number": "542353293999",
    "project_id": "indoredigital-ciggy-tec-3g3qll",
    "storage_bucket": "indoredigital-ciggy-tec-3g3qll.appspot.com"
  },
  "client": [
    {
      "client_info": {
        "mobilesdk_app_id": "1:542353293999:android:70c73df47b7d7376374a5a",
        "android_client_info": {
          "package_name": "com.mycompany.indoredigitalciggytech"
        }
      },
      "oauth_client": [],
      "api_key": [
        {
          "current_key": "AIzaSyDHalK-yMcbQnirJSCc1EkO-FGAk1x5q8g"
        }
      ],
      "services": {
        "appinvite_service": {
          "other_platform_oauth_client": []
        }
      }
    }
  ],
  "configuration_version": "1"
}